{
   "domain": "javaAppServer",
   "middleware": "was",
   "host": "server0.gym.lan",
   "assessmentUnitName": "plantsbywebsphereee6.ear",
   "applicationName": "plantsbywebsphereee6.ear",
   "dcVersion": "",
   "binaryScannerVersion": "22.0.0.7",
   "collectionUnitType": "profile",
   "collectionUnitName": "AppSrv01",
   "isVirtual": "false",
   "rawDependencies": [
      {
         "domain": "database",
         "middleware": "db2",
         "assessmentUnitName": "${PBWDataSource_rhel9_baseNode01_tWAS_85515_server_DataSource_1673361478120_databaseName}",
         "applicationName": "${PBWDataSource_rhel9_baseNode01_tWAS_85515_server_DataSource_1673361478120_databaseName}",
         "collectionUnitType": "instance",
         "isVirtual": "false",
         "identifier": {
            "databaseName": "${PBWDataSource_rhel9_baseNode01_tWAS_85515_server_DataSource_1673361478120_databaseName}"
         }
      },
      {
         "domain": "database",
         "middleware": "db2",
         "assessmentUnitName": "${NoTxPBWDataSource_rhel9_baseNode01_tWAS_85515_server_DataSource_1673564702594_databaseName}",
         "applicationName": "${NoTxPBWDataSource_rhel9_baseNode01_tWAS_85515_server_DataSource_1673564702594_databaseName}",
         "collectionUnitType": "instance",
         "isVirtual": "false",
         "identifier": {
            "databaseName": "${NoTxPBWDataSource_rhel9_baseNode01_tWAS_85515_server_DataSource_1673564702594_databaseName}"
         }
      }
   ],
   "serverXml": {
      "server": {
         "applicationManager": {
            "autoExpand": "true"
         },
         "authData": {
            "id": "rhel9-baseNode01/pbwuser",
            "password": "${rhel9_baseNode01_pbwuser_password}",
            "user": "${rhel9_baseNode01_pbwuser_user}"
         },
         "dataSource": [
            {
               "beginTranForResultSetScrollingAPIs": "false",
               "beginTranForVendorAPIs": "false",
               "connectionManager": {
                  "connectionTimeout": "180",
                  "enableContainerAuthForDirectLookups": "true",
                  "maxPoolSize": "10"
               },
               "containerAuthDataRef": "rhel9-baseNode01/pbwuser",
               "id": "PBWDataSource_rhel9-baseNode01_tWAS_85515_server_DataSource_1673361478120",
               "jdbcDriverRef": "DB2_Universal_JDBC_Driver_Provider_(XA)_rhel9-baseNode01_tWAS_85515_server_JDBCProvider_1673316041995",
               "jndiName": "jdbc/PlantsByWebSphereDataSource",
               "properties.db2.jcc": {
                  "databaseName": "${PBWDataSource_rhel9_baseNode01_tWAS_85515_server_DataSource_1673361478120_databaseName}",
                  "driverType": "4",
                  "portNumber": "${PBWDataSource_rhel9_baseNode01_tWAS_85515_server_DataSource_1673361478120_portNumber}",
                  "serverName": "${PBWDataSource_rhel9_baseNode01_tWAS_85515_server_DataSource_1673361478120_serverName}"
               },
               "type": "javax.sql.XADataSource"
            },
            {
               "beginTranForResultSetScrollingAPIs": "false",
               "beginTranForVendorAPIs": "false",
               "connectionManager": {
                  "connectionTimeout": "180",
                  "enableContainerAuthForDirectLookups": "true",
                  "maxPoolSize": "10"
               },
               "containerAuthDataRef": "rhel9-baseNode01/pbwuser",
               "id": "NoTxPBWDataSource_rhel9-baseNode01_tWAS_85515_server_DataSource_1673564702594",
               "jdbcDriverRef": "DB2_Universal_JDBC_Driver_Provider_rhel9-baseNode01_tWAS_85515_server_JDBCProvider_1673316098332",
               "jndiName": "jdbc/PlantsByWebSphereDataSourceNONJTA",
               "properties.db2.jcc": {
                  "databaseName": "${NoTxPBWDataSource_rhel9_baseNode01_tWAS_85515_server_DataSource_1673564702594_databaseName}",
                  "driverType": "4",
                  "portNumber": "${NoTxPBWDataSource_rhel9_baseNode01_tWAS_85515_server_DataSource_1673564702594_portNumber}",
                  "retrieveMessagesFromServerOnGetMessage": "true",
                  "serverName": "${NoTxPBWDataSource_rhel9_baseNode01_tWAS_85515_server_DataSource_1673564702594_serverName}"
               },
               "type": "javax.sql.ConnectionPoolDataSource"
            }
         ],
         "description": "Configuration generated by binaryAppScanner",
         "enterpriseApplication": {
            "id": "plantsbywebsphereee6.ear",
            "location": "plantsbywebsphereee6.ear"
         },
         "featureManager": {
            "feature": [
               "appSecurity-2.0",
               "beanValidation-1.1",
               "cdi-1.2",
               "ejbLite-3.2",
               "javaMail-1.5",
               "jndi-1.0",
               "jpa-2.1",
               "jsf-2.2",
               "jsp-2.3",
               "servlet-3.1"
            ]
         },
         "httpEndpoint": {
            "host": "${httpEndpoint_host}",
            "httpPort": "${httpEndpoint_port}",
            "httpsPort": "${httpEndpoint_secure_port}",
            "id": "defaultHttpEndpoint"
         },
         "jdbcDriver": [
            {
               "id": "DB2_Universal_JDBC_Driver_Provider_(XA)_rhel9-baseNode01_tWAS_85515_server_JDBCProvider_1673316041995",
               "library": {
                  "file": [
                     {
                        "name": "/opt/IBM/db2_drivers/db2jcc.jar"
                     },
                     {
                        "name": "/opt/IBM/db2_drivers/db2jcc_license_cu.jar"
                     }
                  ]
               }
            },
            {
               "id": "DB2_Universal_JDBC_Driver_Provider_rhel9-baseNode01_tWAS_85515_server_JDBCProvider_1673316098332",
               "library": {
                  "file": [
                     {
                        "name": "/opt/IBM/db2_drivers/db2jcc.jar"
                     },
                     {
                        "name": "/opt/IBM/db2_drivers/db2jcc_license_cu.jar"
                     }
                  ]
               }
            }
         ],
         "keyStore": [
            {
               "id": "NodeDefaultKeyStore_rhel9-baseNode01Cell_KeyStore_rhel9-baseNode01_1",
               "location": "${NodeDefaultKeyStore_rhel9_baseNode01Cell_KeyStore_rhel9_baseNode01_1_location}",
               "password": "${NodeDefaultKeyStore_rhel9_baseNode01Cell_KeyStore_rhel9_baseNode01_1_password}"
            },
            {
               "id": "NodeDefaultTrustStore_rhel9-baseNode01Cell_KeyStore_rhel9-baseNode01_2",
               "location": "${NodeDefaultTrustStore_rhel9_baseNode01Cell_KeyStore_rhel9_baseNode01_2_location}",
               "password": "${NodeDefaultTrustStore_rhel9_baseNode01Cell_KeyStore_rhel9_baseNode01_2_password}"
            }
         ],
         "ssl": {
            "id": "NodeDefaultSSLSettings_rhel9-baseNode01Cell_SSLConfig_rhel9-baseNode01_1",
            "keyStoreRef": "NodeDefaultKeyStore_rhel9-baseNode01Cell_KeyStore_rhel9-baseNode01_1",
            "sslProtocol": "${NodeDefaultSSLSettings_rhel9_baseNode01Cell_SSLConfig_rhel9_baseNode01_1_sslProtocol}",
            "trustStoreRef": "NodeDefaultTrustStore_rhel9-baseNode01Cell_KeyStore_rhel9-baseNode01_2"
         },
         "sslDefault": {
            "sslRef": "NodeDefaultSSLSettings_rhel9-baseNode01Cell_SSLConfig_rhel9-baseNode01_1"
         },
         "transaction": {
            "propogatedOrBMTTranLifetimeTimeout": "300"
         },
         "variable": [
            {
               "defaultValue": "*",
               "name": "httpEndpoint_host"
            },
            {
               "defaultValue": "9080",
               "name": "httpEndpoint_port"
            },
            {
               "defaultValue": "9443",
               "name": "httpEndpoint_secure_port"
            },
            {
               "defaultValue": "plantsbywebsphereee6_ear_rhel9-baseNode01_NodeDefaultKeyStore_key.p12",
               "name": "NodeDefaultKeyStore_rhel9_baseNode01Cell_KeyStore_rhel9_baseNode01_1_location"
            },
            {
               "defaultValue": "TLS",
               "name": "NodeDefaultSSLSettings_rhel9_baseNode01Cell_SSLConfig_rhel9_baseNode01_1_sslProtocol"
            },
            {
               "defaultValue": "plantsbywebsphereee6_ear_rhel9-baseNode01_NodeDefaultTrustStore_trust.p12",
               "name": "NodeDefaultTrustStore_rhel9_baseNode01Cell_KeyStore_rhel9_baseNode01_2_location"
            },
            {
               "defaultValue": "pbw",
               "name": "NoTxPBWDataSource_rhel9_baseNode01_tWAS_85515_server_DataSource_1673564702594_databaseName"
            },
            {
               "defaultValue": "50000",
               "name": "NoTxPBWDataSource_rhel9_baseNode01_tWAS_85515_server_DataSource_1673564702594_portNumber"
            },
            {
               "defaultValue": "server0.gym.lan",
               "name": "NoTxPBWDataSource_rhel9_baseNode01_tWAS_85515_server_DataSource_1673564702594_serverName"
            },
            {
               "defaultValue": "pbw",
               "name": "PBWDataSource_rhel9_baseNode01_tWAS_85515_server_DataSource_1673361478120_databaseName"
            },
            {
               "defaultValue": "50000",
               "name": "PBWDataSource_rhel9_baseNode01_tWAS_85515_server_DataSource_1673361478120_portNumber"
            },
            {
               "defaultValue": "server0.gym.lan",
               "name": "PBWDataSource_rhel9_baseNode01_tWAS_85515_server_DataSource_1673361478120_serverName"
            },
            {
               "defaultValue": "",
               "name": "NodeDefaultKeyStore_rhel9_baseNode01Cell_KeyStore_rhel9_baseNode01_1_password"
            },
            {
               "defaultValue": "",
               "name": "NodeDefaultTrustStore_rhel9_baseNode01Cell_KeyStore_rhel9_baseNode01_2_password"
            },
            {
               "defaultValue": "",
               "name": "rhel9_baseNode01_pbwuser_password"
            },
            {
               "defaultValue": "",
               "name": "rhel9_baseNode01_pbwuser_user"
            }
         ]
      }
   }
}