{
   "report": "analysis",
   "version": "1.4",
   "productVersion": "22.0.0.7",
   "productRelease": "22.0.0.7",
   "buildID": "v20221118_1643",
   "options": [
      "--sourceAppServer=was855",
      "--sourceJava=ibm8",
      "--sourceJavaEE=ee6",
      "--targetAppServer=liberty",
      "--targetJava=ibm8",
      "--targetCloud=containers",
      "--includeHelpLocation",
      "--maxUserDefinedRuleResults=100",
      "--userRuleLocation=/home/techzone/Student/lab_1010/transformationadvisor-3.4.0/bin/../conf/userDefinedRules",
      "--excludePackages=ch.qos,com.cognos,com.fasterxml,com.ibatis,com.ibm,com.informix,com.lowagie,com.mchange,com.meterware,com.microsoft,com.mysql,com.sun,com.sybase,freemarker,groovy,jakarta,java,javax,net,oracle,org,sqlj,sun,twitter4j,_ibmjsp"
   ],
   "totalRulesFlagged": 4,
   "filesAffected": 5,
   "totalResults": 5,
   "severitySummary": [
      {
         "severity": "Information",
         "severityId": "info",
         "totalRulesFlagged": 4,
         "totalResults": 5
      }
   ],
   "applications": [
      "/opt/IBM/WebSphere/AppServer85515/profiles/AppSrv01/config/cells/rhel9-baseNode01Cell/applications/plantsbywebsphereee6.ear/plantsbywebsphereee6.ear"
   ],
   "rules": [
      {
         "ruleName": "Databases",
         "ruleId": "DatabasesRule",
         "ruleHelpLocation": "/ruleinfo/appmigration/cloud/Databases.html",
         "devCost": "0",
         "instanceCost": "0",
         "severity": "Information",
         "severityId": "info",
         "category": "Technology connectivity considerations for IBM Cloud",
         "categoryId": "appconversion.cloud.category.technology.connectivity",
         "totalResults": 2,
         "results": [
            {
               "fileName": "plantsbywebsphereee6.ear/PlantsByWebSphere.war/WEB-INF/classes/META-INF/persistence.xml",
               "details": [
                  {
                     "reference": null,
                     "match": "jta-data-source=jdbc/PlantsByWebSphereDataSource",
                     "lineNumber": 3
                  }
               ]
            },
            {
               "fileName": "plantsbywebsphereee6.ear/PlantsByWebSphere.war/WEB-INF/classes/com/ibm/websphere/samples/pbw/ejb/BackOrderMgr.class",
               "details": [
                  {
                     "reference": "Field annotation em",
                     "match": "javax.persistence",
                     "lineNumber": 0
                  }
               ]
            }
         ],
         "referencedClasses": [
            {
               "class": "javax.persistence.Column",
               "total": 2
            },
            {
               "class": "javax.persistence.Embeddable",
               "total": 1
            },
            {
               "class": "javax.persistence.EmbeddedId",
               "total": 1
            },
            {
               "class": "javax.persistence.Entity",
               "total": 6
            },
            {
               "class": "javax.persistence.EntityManager",
               "total": 107
            },
            {
               "class": "javax.persistence.GeneratedValue",
               "total": 2
            },
            {
               "class": "javax.persistence.GenerationType",
               "total": 2
            },
            {
               "class": "javax.persistence.Id",
               "total": 5
            },
            {
               "class": "javax.persistence.JoinColumn",
               "total": 4
            },
            {
               "class": "javax.persistence.LockModeType",
               "total": 9
            },
            {
               "class": "javax.persistence.ManyToOne",
               "total": 3
            },
            {
               "class": "javax.persistence.NamedQueries",
               "total": 6
            },
            {
               "class": "javax.persistence.NamedQuery",
               "total": 11
            },
            {
               "class": "javax.persistence.NoResultException",
               "total": 2
            },
            {
               "class": "javax.persistence.OneToOne",
               "total": 1
            },
            {
               "class": "javax.persistence.PersistenceContext",
               "total": 7
            },
            {
               "class": "javax.persistence.Query",
               "total": 29
            },
            {
               "class": "javax.persistence.Table",
               "total": 6
            },
            {
               "class": "javax.persistence.TableGenerator",
               "total": 2
            },
            {
               "class": "javax.persistence.Transient",
               "total": 4
            }
         ]
      },
      {
         "ruleName": "Handling application configuration in Docker containers",
         "ruleId": "DetectPropertiesFiles",
         "ruleHelpLocation": "/ruleinfo/appmigration/cloud/DetectPropertiesFiles.html",
         "devCost": "0",
         "instanceCost": "0",
         "severity": "Information",
         "severityId": "info",
         "category": "Containers (OpenShift, Kubernetes)",
         "categoryId": "appconversion.cloud.category.docker",
         "totalResults": 1,
         "results": [
            {
               "fileName": "plantsbywebsphereee6.ear/lib/pbw-lib.jar/pbw.properties",
               "details": [
                  {
                     "reference": null,
                     "match": "(.*)?\\.properties",
                     "lineNumber": 0
                  }
               ]
            }
         ]
      },
      {
         "ruleName": "Java EE security",
         "ruleId": "ApplicationSecurityRule",
         "ruleHelpLocation": "/ruleinfo/appmigration/cloud/ApplicationSecurity.html",
         "devCost": "0",
         "instanceCost": "0",
         "severity": "Information",
         "severityId": "info",
         "category": "Technology connectivity considerations for IBM Cloud",
         "categoryId": "appconversion.cloud.category.technology.connectivity",
         "totalResults": 1,
         "results": [
            {
               "fileName": "plantsbywebsphereee6.ear/PlantsByWebSphere.war/WEB-INF/web.xml",
               "details": [
                  {
                     "reference": null,
                     "match": "security-constraint",
                     "lineNumber": 33
                  }
               ]
            }
         ]
      },
      {
         "ruleName": "JavaMail server",
         "ruleId": "MailServerRule",
         "ruleHelpLocation": "/ruleinfo/appmigration/cloud/MailServer.html",
         "devCost": "0",
         "instanceCost": "0",
         "severity": "Information",
         "severityId": "info",
         "category": "Technology connectivity considerations for IBM Cloud",
         "categoryId": "appconversion.cloud.category.technology.connectivity",
         "totalResults": 1,
         "results": [
            {
               "fileName": "plantsbywebsphereee6.ear/PlantsByWebSphere.war/WEB-INF/classes/com/ibm/websphere/samples/pbw/ejb/MailerBean.class",
               "details": [
                  {
                     "reference": "Field mailSession",
                     "match": "javax.mail",
                     "lineNumber": 0
                  }
               ]
            }
         ],
         "referencedClasses": [
            {
               "class": "javax.mail.Address",
               "total": 1
            },
            {
               "class": "javax.mail.BodyPart",
               "total": 1
            },
            {
               "class": "javax.mail.Message",
               "total": 1
            },
            {
               "class": "javax.mail.Message$RecipientType",
               "total": 3
            },
            {
               "class": "javax.mail.Multipart",
               "total": 3
            },
            {
               "class": "javax.mail.Session",
               "total": 3
            },
            {
               "class": "javax.mail.Transport",
               "total": 1
            },
            {
               "class": "javax.mail.internet.InternetAddress",
               "total": 2
            },
            {
               "class": "javax.mail.internet.MimeBodyPart",
               "total": 4
            },
            {
               "class": "javax.mail.internet.MimeMessage",
               "total": 9
            },
            {
               "class": "javax.mail.internet.MimeMultipart",
               "total": 2
            }
         ]
      }
   ]
}