{
   "report": "inventory",
   "version": "3.1",
   "productVersion": "21.0.0.2",
   "productRelease": "21.0.0.2",
   "buildID": "v20210604_1826",
   "options": [
      "--excludePackages=ch.qos,com.fasterxml,com.ibm,com.informix,com.lowagie,com.mchange,com.meterware,com.microsoft,com.sun,com.sybase,freemarker,groovy,java,javax,net,oracle,org,sqlj,sun,twitter4j,_ibmjsp"
   ],
   "applications": [
      "/opt/IBM/WebSphere/AppServer/profiles/AppSrv01/config/cells/adminNode01Cell/applications/CustomerOrderServicesApp.ear/CustomerOrderServicesApp.ear"
   ],
   "sharedLibraries": [
   ],
   "archives": {
      "ears": 1,
      "wars": 2,
      "rars": 0,
      "ejbs": 1,
      "webFragments": 0,
      "utilityJars": 0,
      "appClients": 0
   },
   "summary": {
      "servlets": 2,
      "jsps": 0,
      "jpaEntities": 0,
      "bmpEntityBeans": 0,
      "cmpEntityBeans": 0,
      "messageDrivenBeans": 0,
      "singletonSessionBeans": 0,
      "statefulSessionBeans": 0,
      "statelessSessionBeans": 0,
      "jaxrpcConsumers": 0,
      "jaxrpcProviders": 0,
      "jaxrsConsumers": 0,
      "jaxrsProviders": 0,
      "jaxwsConsumers": 0,
      "jaxwsProviders": 0,
      "springBeans": 0
   },
   "archiveInventory": [
      {
         "archiveName": "/opt/IBM/WebSphere/AppServer/profiles/AppSrv01/config/cells/adminNode01Cell/applications/CustomerOrderServicesApp.ear/CustomerOrderServicesApp.ear",
         "moduleType": "Enterprise archive",
         "moduleVersion": "5",
         "metadataComplete": null,
         "moduleSize": 16335944,
         "checksum": "8dc0bb2e62add499c14e1230db0971e6638f192257ccaa2ae1636f1e63099305",
         "archives": {
            "wars": 2,
            "rars": 0,
            "ejbs": 1,
            "utilityJars": 0,
            "appClients": 0
         },
         "summary": {
            "servlets": 2,
            "jsps": 0,
            "jpaEntities": 0,
            "bmpEntityBeans": 0,
            "cmpEntityBeans": 0,
            "messageDrivenBeans": 0,
            "singletonSessionBeans": 0,
            "statefulSessionBeans": 0,
            "statelessSessionBeans": 0,
            "jaxrpcConsumers": 0,
            "jaxrpcProviders": 0,
            "jaxrsConsumers": 0,
            "jaxrsProviders": 0,
            "jaxwsConsumers": 0,
            "jaxwsProviders": 0,
            "springBeans": 0
         },
         "potentialDeploymentProblemsSummary": {
            "archivesContainingDuplicateClasses": 0,
            "archivesContainingJavaEEorSEClasses": 0,
            "archivesContainingConflictingOpenSourceSoftwareClasses": 0,
            "archivesContainingWebSphereClasses": 0,
            "archivesNotReferencedInTheApplication": 0,
            "archivesWithMissingDependenciesInTheApplication": 3,
            "classesWithSystemLevelJVMConfiguration": 0,
            "sharedLibrariesReferencingApplicationClasses": 0
         },
         "potentialDeploymentProblemsDetails": [
            {
               "duplicateClassesWithinClassLoader": [
               ]
            },
            {
               "duplicateClassesAcrossApplication": [
               ]
            },
            {
               "javaEEandSEClasses": [
               ]
            },
            {
               "duplicateWebSphereClasses": [
               ]
            },
            {
               "openSourceSoftwareClasses": [
               ]
            },
            {
               "archivesNotReferenced": [
               ]
            },
            {
               "missingDependencies": [
                  {
                     "missingDependencies": [
                        "com.ibm.json.java",
                        "org.codehaus.jackson.jaxrs"
                     ],
                     "archive": [
                        "CustomerOrderServicesWeb-0.1.0-SNAPSHOT.war",
                        "CustomerOrderServicesTest-0.1.0-SNAPSHOT.war"
                     ]
                  },
                  {
                     "missingDependencies": [
                        "junit.framework",
                        "org.apache.wink.client",
                        "org.apache.wink.client.handlers",
                        "org.dbunit",
                        "org.dbunit.dataset",
                        "org.dbunit.dataset.xml",
                        "org.dbunit.operation"
                     ],
                     "archive": [
                        "CustomerOrderServicesTest-0.1.0-SNAPSHOT.war"
                     ]
                  },
                  {
                     "missingDependencies": [
                        "org.codehaus.jackson.annotate"
                     ],
                     "archive": [
                        "CustomerOrderServices-0.1.0-SNAPSHOT.jar"
                     ]
                  }
               ]
            },
            {
               "classesWithSystemLevelJVMConfiguration": [
               ]
            },
            {
               "sharedLibraryDependencies": [
               ]
            }
         ],
         "performanceConsiderations": {
            "archivesThatAreCandidatesForMetadataCompleteTrueAttribute": [
               "CustomerOrderServicesTest-0.1.0-SNAPSHOT.war"
            ],
            "webModulesWithExcessiveClassFiles": [
            ],
            "webModulesWithExcessiveStaticResources": [
            ]
         },
         "operationalConsiderations": {
            "deploymentTargets": {
               "nonClusteredServers": [
                  {
                     "name": "server1",
                     "node": "WASNode01"
                  }
               ]
            }
         },
         "containedArchiveInventory": [
            {
               "archiveName": "/opt/IBM/WebSphere/AppServer/profiles/AppSrv01/config/cells/adminNode01Cell/applications/CustomerOrderServicesApp.ear/CustomerOrderServicesApp.ear/CustomerOrderServices-0.1.0-SNAPSHOT.jar",
               "moduleType": "EJB module",
               "moduleVersion": null,
               "metadataComplete": "Unspecified",
               "checksum": "216b417c8d2481d094271eae07402385ee0535c2baa7e9e26ef2d0c94a8bb730",
               "summary": {
                  "servlets": 0,
                  "jsps": 0,
                  "jpaEntities": 0,
                  "bmpEntityBeans": 0,
                  "cmpEntityBeans": 0,
                  "messageDrivenBeans": 0,
                  "singletonSessionBeans": 0,
                  "statefulSessionBeans": 0,
                  "statelessSessionBeans": 0,
                  "jaxrpcConsumers": 0,
                  "jaxrpcProviders": 0,
                  "jaxrsConsumers": 0,
                  "jaxrsProviders": 0,
                  "jaxwsConsumers": 0,
                  "jaxwsProviders": 0,
                  "springBeans": 0
               }
            },
            {
               "archiveName": "/opt/IBM/WebSphere/AppServer/profiles/AppSrv01/config/cells/adminNode01Cell/applications/CustomerOrderServicesApp.ear/CustomerOrderServicesApp.ear/CustomerOrderServicesTest-0.1.0-SNAPSHOT.war",
               "moduleType": "Web module",
               "moduleVersion": "2.5",
               "metadataComplete": "Unspecified",
               "checksum": "9addf8e86b773c70ec38beed51250b66a02a713c0d77ea95ada4b10c74fbef34",
               "archives": {
                  "ejbs": 0,
                  "webFragments": 0,
                  "utilityJars": 0
               },
               "summary": {
                  "servlets": 1,
                  "jsps": 0,
                  "jpaEntities": 0,
                  "bmpEntityBeans": 0,
                  "cmpEntityBeans": 0,
                  "messageDrivenBeans": 0,
                  "singletonSessionBeans": 0,
                  "statefulSessionBeans": 0,
                  "statelessSessionBeans": 0,
                  "jaxrpcConsumers": 0,
                  "jaxrpcProviders": 0,
                  "jaxrsConsumers": 0,
                  "jaxrsProviders": 0,
                  "jaxwsConsumers": 0,
                  "jaxwsProviders": 0,
                  "springBeans": 0
               }
            },
            {
               "archiveName": "/opt/IBM/WebSphere/AppServer/profiles/AppSrv01/config/cells/adminNode01Cell/applications/CustomerOrderServicesApp.ear/CustomerOrderServicesApp.ear/CustomerOrderServicesWeb-0.1.0-SNAPSHOT.war",
               "moduleType": "Web module",
               "moduleVersion": "3.0",
               "metadataComplete": "Unspecified",
               "checksum": "33298163a1181f48116559c4d2dbc718b9aabef7024217e23e2f528a797d508d",
               "archives": {
                  "ejbs": 0,
                  "webFragments": 0,
                  "utilityJars": 0
               },
               "summary": {
                  "servlets": 1,
                  "jsps": 0,
                  "jpaEntities": 0,
                  "bmpEntityBeans": 0,
                  "cmpEntityBeans": 0,
                  "messageDrivenBeans": 0,
                  "singletonSessionBeans": 0,
                  "statefulSessionBeans": 0,
                  "statelessSessionBeans": 0,
                  "jaxrpcConsumers": 0,
                  "jaxrpcProviders": 0,
                  "jaxrsConsumers": 0,
                  "jaxrsProviders": 0,
                  "jaxwsConsumers": 0,
                  "jaxwsProviders": 0,
                  "springBeans": 0
               }
            }
         ]
      }
   ],
   "sharedLibraryDetails": [
   ]
}