{
   "report": "inventory",
   "version": "3.1",
   "productVersion": "21.0.0.2",
   "productRelease": "21.0.0.2",
   "buildID": "v20210604_1826",
   "options": [
      "--excludePackages=ch.qos,com.fasterxml,com.ibm,com.informix,com.lowagie,com.mchange,com.meterware,com.microsoft,com.sun,com.sybase,freemarker,groovy,java,javax,net,oracle,org,sqlj,sun,twitter4j,_ibmjsp"
   ],
   "applications": [
      "/opt/IBM/WebSphere/AppServer/profiles/AppSrv01/config/cells/adminNode01Cell/applications/ivtApp.ear/ivtApp.ear"
   ],
   "sharedLibraries": [
   ],
   "archives": {
      "ears": 1,
      "wars": 1,
      "rars": 0,
      "ejbs": 1,
      "webFragments": 0,
      "utilityJars": 0,
      "appClients": 0
   },
   "summary": {
      "servlets": 3,
      "jsps": 2,
      "jpaEntities": 0,
      "bmpEntityBeans": 0,
      "cmpEntityBeans": 0,
      "messageDrivenBeans": 0,
      "singletonSessionBeans": 0,
      "statefulSessionBeans": 0,
      "statelessSessionBeans": 0,
      "jaxrpcConsumers": 0,
      "jaxrpcProviders": 0,
      "jaxrsConsumers": 0,
      "jaxrsProviders": 0,
      "jaxwsConsumers": 0,
      "jaxwsProviders": 0,
      "springBeans": 0
   },
   "archiveInventory": [
      {
         "archiveName": "/opt/IBM/WebSphere/AppServer/profiles/AppSrv01/config/cells/adminNode01Cell/applications/ivtApp.ear/ivtApp.ear",
         "moduleType": "Enterprise archive",
         "moduleVersion": "6",
         "metadataComplete": null,
         "moduleSize": 8868,
         "checksum": "a169f8adaee92e51ed5b55a8b14a2e4604b27522a063b4b5651462bfb53870fb",
         "archives": {
            "wars": 1,
            "rars": 0,
            "ejbs": 1,
            "utilityJars": 0,
            "appClients": 0
         },
         "summary": {
            "servlets": 3,
            "jsps": 2,
            "jpaEntities": 0,
            "bmpEntityBeans": 0,
            "cmpEntityBeans": 0,
            "messageDrivenBeans": 0,
            "singletonSessionBeans": 0,
            "statefulSessionBeans": 0,
            "statelessSessionBeans": 0,
            "jaxrpcConsumers": 0,
            "jaxrpcProviders": 0,
            "jaxrsConsumers": 0,
            "jaxrsProviders": 0,
            "jaxwsConsumers": 0,
            "jaxwsProviders": 0,
            "springBeans": 0
         },
         "potentialDeploymentProblemsSummary": {
            "archivesContainingDuplicateClasses": 0,
            "archivesContainingJavaEEorSEClasses": 0,
            "archivesContainingConflictingOpenSourceSoftwareClasses": 0,
            "archivesContainingWebSphereClasses": 1,
            "archivesNotReferencedInTheApplication": 0,
            "archivesWithMissingDependenciesInTheApplication": 0,
            "classesWithSystemLevelJVMConfiguration": 0,
            "sharedLibrariesReferencingApplicationClasses": 0
         },
         "potentialDeploymentProblemsDetails": [
            {
               "duplicateClassesWithinClassLoader": [
               ]
            },
            {
               "duplicateClassesAcrossApplication": [
               ]
            },
            {
               "javaEEandSEClasses": [
               ]
            },
            {
               "duplicateWebSphereClasses": [
                  {
                     "conflictingPackages": [
                        "com.ibm.websphere.ivt.ivtEJB"
                     ],
                     "packageLocation": [
                        "ivtEJB.jar"
                     ]
                  }
               ]
            },
            {
               "openSourceSoftwareClasses": [
               ]
            },
            {
               "archivesNotReferenced": [
               ]
            },
            {
               "missingDependencies": [
               ]
            },
            {
               "classesWithSystemLevelJVMConfiguration": [
               ]
            },
            {
               "sharedLibraryDependencies": [
               ]
            }
         ],
         "performanceConsiderations": {
            "archivesThatAreCandidatesForMetadataCompleteTrueAttribute": [
            ],
            "webModulesWithExcessiveClassFiles": [
            ],
            "webModulesWithExcessiveStaticResources": [
            ]
         },
         "operationalConsiderations": {
            "deploymentTargets": {
               "nonClusteredServers": [
                  {
                     "name": "server1",
                     "node": "WASNode01"
                  }
               ]
            }
         },
         "containedArchiveInventory": [
            {
               "archiveName": "/opt/IBM/WebSphere/AppServer/profiles/AppSrv01/config/cells/adminNode01Cell/applications/ivtApp.ear/ivtApp.ear/ivtEJB.jar",
               "moduleType": "EJB module",
               "moduleVersion": "3.1",
               "metadataComplete": "Unspecified",
               "checksum": "7430234e160bbab731091be7a0c7a531d537dca97c99343de23847f15a0efc37",
               "summary": {
                  "servlets": 0,
                  "jsps": 0,
                  "jpaEntities": 0,
                  "bmpEntityBeans": 0,
                  "cmpEntityBeans": 0,
                  "messageDrivenBeans": 0,
                  "singletonSessionBeans": 0,
                  "statefulSessionBeans": 0,
                  "statelessSessionBeans": 0,
                  "jaxrpcConsumers": 0,
                  "jaxrpcProviders": 0,
                  "jaxrsConsumers": 0,
                  "jaxrsProviders": 0,
                  "jaxwsConsumers": 0,
                  "jaxwsProviders": 0,
                  "springBeans": 0
               }
            },
            {
               "archiveName": "/opt/IBM/WebSphere/AppServer/profiles/AppSrv01/config/cells/adminNode01Cell/applications/ivtApp.ear/ivtApp.ear/ivt_app.war",
               "moduleType": "Web module",
               "moduleVersion": null,
               "metadataComplete": "Unspecified",
               "checksum": "f592c02c80a867b8ac3bf045a4b7e4d881f78ac5f2179e497367cf50c7e15b67",
               "archives": {
                  "ejbs": 0,
                  "webFragments": 0,
                  "utilityJars": 0
               },
               "summary": {
                  "servlets": 3,
                  "jsps": 2,
                  "jpaEntities": 0,
                  "bmpEntityBeans": 0,
                  "cmpEntityBeans": 0,
                  "messageDrivenBeans": 0,
                  "singletonSessionBeans": 0,
                  "statefulSessionBeans": 0,
                  "statelessSessionBeans": 0,
                  "jaxrpcConsumers": 0,
                  "jaxrpcProviders": 0,
                  "jaxrsConsumers": 0,
                  "jaxrsProviders": 0,
                  "jaxwsConsumers": 0,
                  "jaxwsProviders": 0,
                  "springBeans": 0
               }
            }
         ]
      }
   ],
   "sharedLibraryDetails": [
   ]
}