{
  "domain": "javaAppServer",
  "middleware": "was",
  "host": "admin.ibm.demo",
  "assessmentUnitName": "query.ear",
  "applicationName": "query.ear",
  "dcVersion": "2.4.4",
  "collectionUnitType": "profile",
  "collectionUnitName": "AppSrv01",
  "isVirtual": "false",
  "serverXml": {
    "server": {
      "description": "Configuration generated by binaryAppScanner",
      "featureManager": {
        "feature": [
          "appSecurity-2.0",
          "ejbLite-3.2",
          "ejbRemote-3.2",
          "ldapRegistry-3.0"
        ]
      },
      "applicationManager": {
        "autoExpand": true
      },
      "httpEndpoint": {
        "host": "${httpEndpoint_host_1}",
        "httpPort": "${httpEndpoint_port_1}",
        "httpsPort": "${httpEndpoint_secure_port_1}",
        "id": "defaultHttpEndpoint"
      },
      "enterpriseApplication": {
        "location": "query.ear"
      },
      "keyStore": [
        {
          "id": "NodeDefaultKeyStore",
          "location": "${NodeDefaultKeyStore_location_1}",
          "password": "${NodeDefaultKeyStore_password_1}"
        },
        {
          "id": "NodeDefaultTrustStore",
          "location": "${NodeDefaultTrustStore_location_1}",
          "password": "${NodeDefaultTrustStore_password_1}"
        }
      ],
      "ssl": {
        "id": "NodeDefaultSSLSettings",
        "keyStoreRef": "NodeDefaultKeyStore",
        "sslProtocol": "${NodeDefaultSSLSettings_sslProtocol_1}",
        "trustStoreRef": "NodeDefaultTrustStore"
      },
      "sslDefault": {
        "sslRef": "NodeDefaultSSLSettings"
      },
      "variable": [
        {
          "defaultValue": "*",
          "name": "httpEndpoint_host_1"
        },
        {
          "defaultValue": 9080,
          "name": "httpEndpoint_port_1"
        },
        {
          "defaultValue": 9443,
          "name": "httpEndpoint_secure_port_1"
        },
        {
          "defaultValue": "query_ear_WASNode01_NodeDefaultKeyStore_key.p12",
          "name": "NodeDefaultKeyStore_location_1"
        },
        {
          "defaultValue": "SSL_TLSv2",
          "name": "NodeDefaultSSLSettings_sslProtocol_1"
        },
        {
          "defaultValue": "query_ear_WASNode01_NodeDefaultTrustStore_trust.p12",
          "name": "NodeDefaultTrustStore_location_1"
        },
        {
          "defaultValue": "",
          "name": "NodeDefaultKeyStore_password_1"
        },
        {
          "defaultValue": "",
          "name": "NodeDefaultTrustStore_password_1"
        }
      ]
    }
  }
}