{
   "report": "analysis",
   "version": "1.3",
   "productVersion": "21.0.0.2",
   "productRelease": "21.0.0.2",
   "buildID": "v20210604_1826",
   "options": [
      "--sourceAppServer=was855",
      "--sourceJava=ibm6",
      "--sourceJavaEE=ee6",
      "--targetAppServer=openLiberty",
      "--targetJava=ibm8",
      "--targetJavaEE=ee7",
      "--targetCloud=containers",
      "--excludePackages=ch.qos,com.fasterxml,com.ibm,com.informix,com.lowagie,com.mchange,com.meterware,com.microsoft,com.sun,com.sybase,freemarker,groovy,java,javax,net,oracle,org,sqlj,sun,twitter4j,_ibmjsp"
   ],
   "totalRulesFlagged": 7,
   "filesAffected": 4,
   "totalResults": 8,
   "severitySummary": [
      {
         "severity": "Severe",
         "severityId": "severe",
         "totalRulesFlagged": 2,
         "totalResults": 3
      },
      {
         "severity": "Warning",
         "severityId": "warning",
         "totalRulesFlagged": 4,
         "totalResults": 4
      },
      {
         "severity": "Information",
         "severityId": "info",
         "totalRulesFlagged": 1,
         "totalResults": 1
      }
   ],
   "applications": [
      "/opt/IBM/WebSphere/AppServer/profiles/AppSrv01/config/cells/adminNode01Cell/applications/query.ear/query.ear"
   ],
   "rules": [
      {
         "ruleName": "CDI scans for implicit beans when there is no beans.xml file",
         "ruleId": "MissingBeansFile",
         "devCost": "0",
         "instanceCost": "0",
         "severity": "Warning",
         "severityId": "warning",
         "category": "Java EE 7 / CDI",
         "categoryId": "appconversion.javaee7.category / appconversion.javaee7.cdi.category",
         "results": [
            {
               "fileName": "query.ear/querybean.jar",
               "details": [
                  {
                     "reference": null,
                     "match": ".*(\\.war|\\.jar)",
                     "lineNumber": 0
                  }
               ]
            }
         ]
      },
      {
         "ruleName": "Handling application configuration in Docker containers",
         "ruleId": "DetectPropertiesFiles",
         "devCost": "0",
         "instanceCost": "0",
         "severity": "Warning",
         "severityId": "warning",
         "category": "Containers (OpenShift, Kubernetes)",
         "categoryId": "appconversion.cloud.category.docker",
         "results": [
            {
               "fileName": "query.ear/querybean.jar/META-INF/ibm_ejbext.properties",
               "details": [
                  {
                     "reference": null,
                     "match": "(.*)?\\.properties",
                     "lineNumber": 0
                  }
               ]
            }
         ]
      },
      {
         "ruleName": "Java EE security",
         "ruleId": "ApplicationSecurityRule",
         "devCost": "0",
         "instanceCost": "0",
         "severity": "Warning",
         "severityId": "warning",
         "category": "Technology connectivity considerations for IBM Cloud",
         "categoryId": "appconversion.cloud.category.technology.connectivity",
         "results": [
            {
               "fileName": "query.ear/querybean.jar/META-INF/ejb-jar.xml",
               "details": [
                  {
                     "reference": null,
                     "match": "method-permission",
                     "lineNumber": 17
                  }
               ]
            }
         ]
      },
      {
         "ruleName": "Remote EJB providers",
         "ruleId": "RemoteEJBProvidersRule",
         "devCost": "0",
         "instanceCost": "0",
         "severity": "Warning",
         "severityId": "warning",
         "category": "Technology connectivity considerations for IBM Cloud (not Liberty Core)",
         "categoryId": "appconversion.cloud.category.technology.connectivity.noLibertyCore",
         "results": [
            {
               "fileName": "query.ear/querybean.jar/META-INF/ejb-jar.xml",
               "details": [
                  {
                     "reference": null,
                     "match": "home",
                     "lineNumber": 7
                  }
               ]
            }
         ]
      },
      {
         "ruleName": "The WebSphere EJB Query API is unavailable",
         "ruleId": "DynamicQueryRule",
         "devCost": "1",
         "instanceCost": "0.1",
         "severity": "Severe",
         "severityId": "severe",
         "category": "WebSphere traditional to Liberty",
         "categoryId": "appconversion.was2liberty.category",
         "results": [
            {
               "fileName": "query.ear/querybean.jar/META-INF/ejb-jar.xml",
               "details": [
                  {
                     "reference": null,
                     "match": "home=com.ibm.websphere.ejbquery.QueryHome",
                     "lineNumber": 7
                  },
                  {
                     "reference": null,
                     "match": "remote=com.ibm.websphere.ejbquery.Query",
                     "lineNumber": 8
                  }
               ]
            }
         ]
      },
      {
         "ruleName": "Transaction propagation is not supported for Enterprise JavaBeans (EJB) remote interfaces",
         "ruleId": "DetectTransactionPropagationEJBRemote",
         "devCost": "1",
         "instanceCost": "0.1",
         "severity": "Severe",
         "severityId": "severe",
         "category": "Java Technology Support for Liberty",
         "categoryId": "com.ibm.rrd.liberty.rules.liberty.profile.technology.ruleset",
         "results": [
            {
               "fileName": "query.ear/querybean.jar/META-INF/ejb-jar.xml",
               "details": [
                  {
                     "reference": null,
                     "match": "remote",
                     "lineNumber": 8
                  }
               ]
            }
         ]
      },
      {
         "ruleName": "User-defined EJB binding locations were previously ignored in Liberty",
         "ruleId": "DetectEJBJNDIbindingName",
         "devCost": "0",
         "instanceCost": "0",
         "severity": "Information",
         "severityId": "info",
         "category": "WebSphere traditional to Liberty",
         "categoryId": "appconversion.was2liberty.category",
         "results": [
            {
               "fileName": "query.ear/querybean.jar/META-INF/ibm-ejb-jar-bnd.xmi",
               "details": [
                  {
                     "reference": null,
                     "match": "ejbBindings.jndiName=com/ibm/websphere/ejbquery/Query",
                     "lineNumber": 9
                  }
               ]
            }
         ]
      }
   ]
}